iterations,file_io,memory,other,sync
100,0.4,0.55,0.23,0.02
5000,0.008,0.011,0.0046,0.0004
10000,0.004,0.0055,0.0023,0.0002
50000,0.0008,0.0011,0.00046,4e-05
100000,0.0004,0.00055,0.00023,2e-05
