iterations,control_io,file_io,memory,other,sync
100,0.11,1.41,1.13,0.04,0.04
5000,0.0022,0.0282,0.0226,0.0008,0.0008
10000,0.0011,0.0141,0.0113,0.0004,0.0004
50000,0.00022,0.00282,0.00226,8e-05,8e-05
100000,0.00011,0.00141,0.00113,4e-05,4e-05
