iterations,control_io,file_io,memory,other,sync
100,0.02,0.96,1.33,0.6,0.18
5000,0.0004,0.0192,0.0292,0.012,0.0046
100000,2e-05,0.00096,0.00387,0.0006,0.00031
