backend,file_io,memory,other,sync
tb_cpu,0.0136,0.0209,0.0315,0.0004
tb_cuda,0.0245999999999999,0.0419,0.0139999999999999,0.001
