backend,variant,bytes,iterations,key,calls,seconds,usec_per_iter,calls_per_iter
tb_cpu,kernels,10000000,10000,file_io,25.0,0.000136,0.0136,0.0025
tb_cpu,kernels,10000000,10000,memory,30.0,0.0002089999999999,0.0209,0.003
tb_cpu,kernels,10000000,10000,other,20.0,0.000315,0.0315,0.002
tb_cpu,kernels,10000000,10000,sync,1.0,4e-06,0.0004,0.0001
tb_cuda,kernels,10000000,10000,file_io,40.0,0.0002459999999999,0.0245999999999999,0.004
tb_cuda,kernels,10000000,10000,memory,55.0,0.000419,0.0419,0.0055
tb_cuda,kernels,10000000,10000,other,23.0,0.0001399999999999,0.0139999999999999,0.0023
tb_cuda,kernels,10000000,10000,sync,2.0,1e-05,0.001,0.0002
