bytes,control_io,file_io,memory,other,sync
1000000,0.0029,0.0477,0.0522999999999999,0.0013,0.0014999999999999
2500000,0.0323,0.044,0.0568,0.0013,0.0011
5000000,0.0,0.0,0.0,0.0,0.0
7500000,0.0757999999999999,0.0864,0.0856,0.0014,0.0014
10000000,0.0321,0.0499,0.0473,0.0007,0.0017
