bytes,file_io,memory,other,sync
1000000,0.0141,0.0284,0.0041999999999999,0.0007
2500000,0.0110999999999999,0.0240999999999999,0.004,0.0007
5000000,0.0,0.0,0.0,0.0
7500000,0.0267,0.0402999999999999,0.0372,0.0007
10000000,0.0245999999999999,0.0419,0.0139999999999999,0.001
